id,class,bearer,pump_ref,controller_ref,sensor_ref,enclosure_ref,fault
SYS-01,PumpSystem,material,PUMP-01,CTRL-01,SENS-01,ENCL-01,
SYS-02,PumpSystem,material,PUMP-02,CTRL-02,SENS-02,ENCL-02,
SYS-03,PumpSystem,material,PUMP-99,CTRL-03,SENS-03,ENCL-03,dangling_ref
SYS-04,PumpSystem,material,PUMP-03,CTRL-04,SENS-04,,missing_required
PUMP-01,Pump,material,,,,,
PUMP-02,Pump,material,,,,,
PUMP-03,Pump,material,,,,,
PUMP-04,Pump,material,,,,,
PUMP-05,Pump,,,,,,missing_bearer
PUMP-06,Pump,steel,,,,,wrong_bearer_type
CTRL-01,Controller,information,,,,,
CTRL-02,Controller,information,,,,,
CTRL-03,Controller,information,,,,,
CTRL-04,Controller,information,,,,,
CTRL-05,Controller,,,,,,missing_bearer
CTRL-06,Controller,"material,information",,,,,duplicate_bearer
SENS-01,PressureSensor,material,,,,,
SENS-02,PressureSensor,material,,,,,
SENS-03,PressureSensor,material,,,,,
SENS-04,PressureSensor,material,,,,,
SENS-05,PressureSensor,metal,,,,,wrong_bearer_type
SENS-06,PressureSensor,"material,information",,,,,duplicate_bearer
ENCL-01,Enclosure,material,,,,,
ENCL-02,Enclosure,material,,,,,
ENCL-03,Enclosure,material,,,,,
ENCL-04,Enclosure,material,,,,,
ENCL-05,Enclosure,,,,,,missing_bearer
ENCL-06,Enclosure,composite,,,,,wrong_bearer_type
